Minister of Defence,Office of the Chief of Defence Staff
Minister of Defence,Sri Lanka Army
Minister of Defence,Sri Lanka Navy
Minister of Defence,Sri Lanka Air Force
Minister of Defence,State Intelligence Service
Minister of Defence,Civil Security Department
Minister of Defence,National Cadet Corps
Minister of Defence,National Authority for the Implementation of Chemical Weapons Convention
Minister of Defence,Sir John Kotelawala Defence University
Minister of Defence,Defence Services Command and Staff College
Minister of Defence,Miloda Institute -as a Faculty of Kotelawala Defence University
Minister of Defence,Defence Services College
Minister of Defence,Defence Research and Development Centre
Minister of Defence,Institute of National Security Studies
Minister of Defence,National Defence College
Minister of Defence,Rakna Arakshana Lanka Ltd.
Minister of Defence,Coast Guard Department of Sri Lanka
Minister of Defence,National Defence Fund
Minister of Defence,Ranaviru Seva Authority
Minister of Defence,Api Wenuwen Api Fund
Minister of Defence,Department of Meteorology
Minister of Defence,National Disaster Management Council
Minister of Defence,Disaster Management Centre
Minister of Defence,National Disaster Relief Services Centre
Minister of Defence,National Building Research Organization
Minister of Defence,Telecommunication Regulatory Commission of Sri Lanka and Allied Institutions
"Minister of Finance, Economic Development, Policy Formulation, Planning and Tourism",Department of National Planning
"Minister of Finance, Economic Development, Policy Formulation, Planning and Tourism",Department of External Resources
"Minister of Finance, Economic Development, Policy Formulation, Planning and Tourism",General Treasury
"Minister of Finance, Economic Development, Policy Formulation, Planning and Tourism",Department of Fiscal Policy
"Minister of Finance, Economic Development, Policy Formulation, Planning and Tourism",Department of National Budget
"Minister of Finance, Economic Development, Policy Formulation, Planning and Tourism",Department of Management Services
"Minister of Finance, Economic Development, Policy Formulation, Planning and Tourism",Department of Public Finance
"Minister of Finance, Economic Development, Policy Formulation, Planning and Tourism",Department of Treasury Operations
"Minister of Finance, Economic Development, Policy Formulation, Planning and Tourism",Department of State Accounts
"Minister of Finance, Economic Development, Policy Formulation, Planning and Tourism",Department of Trade and Investment Policy
"Minister of Finance, Economic Development, Policy Formulation, Planning and Tourism",Department of Legal Affairs
"Minister of Finance, Economic Development, Policy Formulation, Planning and Tourism",Department of Management Audit
"Minister of Finance, Economic Development, Policy Formulation, Planning and Tourism",Department of Development Finance
"Minister of Finance, Economic Development, Policy Formulation, Planning and Tourism",Department of Public Enterprises
"Minister of Finance, Economic Development, Policy Formulation, Planning and Tourism",Office of Comptroller General
"Minister of Finance, Economic Development, Policy Formulation, Planning and Tourism",Department of Project Management and Monitoring
"Minister of Finance, Economic Development, Policy Formulation, Planning and Tourism",Department of Information Technology Management
"Minister of Finance, Economic Development, Policy Formulation, Planning and Tourism",Department of Inland Revenue
"Minister of Finance, Economic Development, Policy Formulation, Planning and Tourism",Sri Lanka Customs
"Minister of Finance, Economic Development, Policy Formulation, Planning and Tourism",Department of Excise
"Minister of Finance, Economic Development, Policy Formulation, Planning and Tourism",State Resources Management Corporation
"Minister of Finance, Economic Development, Policy Formulation, Planning and Tourism",National Lotteries Board
"Minister of Finance, Economic Development, Policy Formulation, Planning and Tourism",Development Lotteries Board
"Minister of Finance, Economic Development, Policy Formulation, Planning and Tourism",Department of Valuation
"Minister of Finance, Economic Development, Policy Formulation, Planning and Tourism",Department of Import and Export Control
"Minister of Finance, Economic Development, Policy Formulation, Planning and Tourism",Central Bank of Sri Lanka
"Minister of Finance, Economic Development, Policy Formulation, Planning and Tourism","All State Banks, Financial Institutions, Insurance Companies and their subsidiaries and related institutions"
"Minister of Finance, Economic Development, Policy Formulation, Planning and Tourism",Insurance Regulatory Commission of Sri Lanka
"Minister of Finance, Economic Development, Policy Formulation, Planning and Tourism",Sri Lanka Insurance Corporation and its subsidiaries and affiliated companies
"Minister of Finance, Economic Development, Policy Formulation, Planning and Tourism",Credit Information Bureau
"Minister of Finance, Economic Development, Policy Formulation, Planning and Tourism",Department of the Registrar of Companies
"Minister of Finance, Economic Development, Policy Formulation, Planning and Tourism",Securities and Exchange Commission of Sri Lanka
"Minister of Finance, Economic Development, Policy Formulation, Planning and Tourism",Sri Lanka Accounting and Auditing Standard Monitoring Board
"Minister of Finance, Economic Development, Policy Formulation, Planning and Tourism",Public Utilities Commission of Sri Lanka
"Minister of Finance, Economic Development, Policy Formulation, Planning and Tourism",Sri Lanka Export Credit Insurance Corporation
"Minister of Finance, Economic Development, Policy Formulation, Planning and Tourism",Housing Development Finance Corporation
"Minister of Finance, Economic Development, Policy Formulation, Planning and Tourism",State Mortgage and Investment Bank
"Minister of Finance, Economic Development, Policy Formulation, Planning and Tourism",Regional Development Bank
"Minister of Finance, Economic Development, Policy Formulation, Planning and Tourism",Tax Appeals Commission
"Minister of Finance, Economic Development, Policy Formulation, Planning and Tourism",Department of Census and Statistics
"Minister of Finance, Economic Development, Policy Formulation, Planning and Tourism",Institute of Policy Studies
"Minister of Finance, Economic Development, Policy Formulation, Planning and Tourism",Sustainable Development Council
"Minister of Finance, Economic Development, Policy Formulation, Planning and Tourism",Welfare Benefits Board
"Minister of Finance, Economic Development, Policy Formulation, Planning and Tourism",Public Service Mutual Provident Fund
"Minister of Finance, Economic Development, Policy Formulation, Planning and Tourism","Strike, Riot, Civil Commotion and Terrorism Fund"
"Minister of Finance, Economic Development, Policy Formulation, Planning and Tourism",National Insurance Trust Fund
"Minister of Finance, Economic Development, Policy Formulation, Planning and Tourism",Employees' Trust Fund
"Minister of Finance, Economic Development, Policy Formulation, Planning and Tourism",Lady Lochore Fund
"Minister of Finance, Economic Development, Policy Formulation, Planning and Tourism",Colombo Port City Economic Commission
"Minister of Finance, Economic Development, Policy Formulation, Planning and Tourism",Public Debt Management Office
"Minister of Finance, Economic Development, Policy Formulation, Planning and Tourism",Techno Park Development Company (Pvt) Limited
"Minister of Finance, Economic Development, Policy Formulation, Planning and Tourism",Sri Lanka Export Development Board
"Minister of Finance, Economic Development, Policy Formulation, Planning and Tourism",Board of Investment of Sri Lanka
"Minister of Finance, Economic Development, Policy Formulation, Planning and Tourism",Sri Lanka Media Training Institute
"Minister of Finance, Economic Development, Policy Formulation, Planning and Tourism",Protection of Children National Trust Fund
"Minister of Finance, Economic Development, Policy Formulation, Planning and Tourism",Institutions coming under the Revival (Removal) of Underperforming Enterprises or Underutilized Assets Act vested to the Secretary to the Treasury
"Minister of Finance, Economic Development, Policy Formulation, Planning and Tourism",Sri Lanka Thriposha Co. Ltd.
"Minister of Finance, Economic Development, Policy Formulation, Planning and Tourism",Sri Lanka Tourism Promotion Bureau
"Minister of Finance, Economic Development, Policy Formulation, Planning and Tourism",Sri Lanka Tourism Development Authority
"Minister of Finance, Economic Development, Policy Formulation, Planning and Tourism",Sri Lanka Institute of Tourism and Hotel Management
"Minister of Finance, Economic Development, Policy Formulation, Planning and Tourism",Sri Lanka Convention Bureau
"Minister of Finance, Economic Development, Policy Formulation, Planning and Tourism",Department of National Botanic Gardens
Minister of Energy,Ceylon Electricity Board and its subsidiary Companies
Minister of Energy,Ceylon Electricity Company
Minister of Energy,Lanka Coal Company (Pvt) Ltd
Minister of Energy,LTL Holdings (Pvt.) Ltd.
Minister of Energy,Ceylon Petroleum Corporation
Minister of Energy,Ceylon Petroleum Storage Terminal Ltd.
Minister of Energy,Petroleum Development Authority of Sri Lanka
Minister of Energy,Polipto Lanka (Pvt) Ltd
Minister of Energy,Sri Lanka Sustainable Energy Authority
Minister of Energy,Sri Lanka Atomic Energy Board
Minister of Energy,Sri Lanka Atomic Energy Regulatory Council
"Minister of Agriculture, Lands, Livestock, Irrigation, Fisheries and Aquatic Resources",Department of Agriculture
"Minister of Agriculture, Lands, Livestock, Irrigation, Fisheries and Aquatic Resources",Department of Agrarian Development
"Minister of Agriculture, Lands, Livestock, Irrigation, Fisheries and Aquatic Resources",Agriculture and Agrarian Insurance Board
"Minister of Agriculture, Lands, Livestock, Irrigation, Fisheries and Aquatic Resources",Paddy Marketing Board
"Minister of Agriculture, Lands, Livestock, Irrigation, Fisheries and Aquatic Resources",Hector Kobbekaduwa Agrarian Research and Training Institute
"Minister of Agriculture, Lands, Livestock, Irrigation, Fisheries and Aquatic Resources",Sri Lanka Council for Agricultural Research Policy
"Minister of Agriculture, Lands, Livestock, Irrigation, Fisheries and Aquatic Resources",National Agricultural Diversification and Settlement Authority
"Minister of Agriculture, Lands, Livestock, Irrigation, Fisheries and Aquatic Resources",National Fertilizer Secretariat
"Minister of Agriculture, Lands, Livestock, Irrigation, Fisheries and Aquatic Resources",State Fertilizer Company Ltd.
"Minister of Agriculture, Lands, Livestock, Irrigation, Fisheries and Aquatic Resources",National Hunger Eradication Campaign Board of Sri Lanka (National Food Promotion Board)
"Minister of Agriculture, Lands, Livestock, Irrigation, Fisheries and Aquatic Resources",Institute of Post-Harvest Management
"Minister of Agriculture, Lands, Livestock, Irrigation, Fisheries and Aquatic Resources",Department of Animal Production and Health
"Minister of Agriculture, Lands, Livestock, Irrigation, Fisheries and Aquatic Resources",National Livestock Development Board and affiliated companies
"Minister of Agriculture, Lands, Livestock, Irrigation, Fisheries and Aquatic Resources",Milco (Pvt.) Ltd
"Minister of Agriculture, Lands, Livestock, Irrigation, Fisheries and Aquatic Resources",Mahaweli Livestock Enterprise Limited
"Minister of Agriculture, Lands, Livestock, Irrigation, Fisheries and Aquatic Resources",Department of Land Commissioner General
"Minister of Agriculture, Lands, Livestock, Irrigation, Fisheries and Aquatic Resources",Department of Land Use Policy Planning
"Minister of Agriculture, Lands, Livestock, Irrigation, Fisheries and Aquatic Resources",Department of Land Title Settlement
"Minister of Agriculture, Lands, Livestock, Irrigation, Fisheries and Aquatic Resources",Land Reform Commission
"Minister of Agriculture, Lands, Livestock, Irrigation, Fisheries and Aquatic Resources",Survey Department of Sri Lanka
"Minister of Agriculture, Lands, Livestock, Irrigation, Fisheries and Aquatic Resources",Institute of Surveying and Mapping
"Minister of Agriculture, Lands, Livestock, Irrigation, Fisheries and Aquatic Resources",Land Survey Council
"Minister of Agriculture, Lands, Livestock, Irrigation, Fisheries and Aquatic Resources",Land Acquisition Board of Review
"Minister of Agriculture, Lands, Livestock, Irrigation, Fisheries and Aquatic Resources",Department of Irrigation
"Minister of Agriculture, Lands, Livestock, Irrigation, Fisheries and Aquatic Resources","Major irrigation development projects including Uma Oya, Moragahakanda, Kalu Ganga, Gin Ganga, Niwala, Malwathu Oya"
"Minister of Agriculture, Lands, Livestock, Irrigation, Fisheries and Aquatic Resources",Central Engineering Consultancy Bureau and its subsidiaries and affiliated companies
"Minister of Agriculture, Lands, Livestock, Irrigation, Fisheries and Aquatic Resources",Sri Lanka Mahaweli Authority
"Minister of Agriculture, Lands, Livestock, Irrigation, Fisheries and Aquatic Resources",Engineering Council of Sri Lanka
"Minister of Agriculture, Lands, Livestock, Irrigation, Fisheries and Aquatic Resources",Department of Fisheries and Aquatic Resources
"Minister of Agriculture, Lands, Livestock, Irrigation, Fisheries and Aquatic Resources",National Aquatic Resources Research and Development Agency
"Minister of Agriculture, Lands, Livestock, Irrigation, Fisheries and Aquatic Resources",National Aquaculture Development Authority
"Minister of Agriculture, Lands, Livestock, Irrigation, Fisheries and Aquatic Resources",Ceylon Fisheries Corporation
"Minister of Agriculture, Lands, Livestock, Irrigation, Fisheries and Aquatic Resources",Ceylon Fishery Harbours Corporation
"Minister of Agriculture, Lands, Livestock, Irrigation, Fisheries and Aquatic Resources",Cey-Nor Foundation Ltd
"Minister of Agriculture, Lands, Livestock, Irrigation, Fisheries and Aquatic Resources",Northsea Ltd
"Minister of Justice, Public Administration, Home Affairs, Provincial Councils, Local Government and Labour",Attorney General's Department
"Minister of Justice, Public Administration, Home Affairs, Provincial Councils, Local Government and Labour",Legal Draftsman's Department
"Minister of Justice, Public Administration, Home Affairs, Provincial Councils, Local Government and Labour",Department of Debt Conciliation Board
"Minister of Justice, Public Administration, Home Affairs, Provincial Councils, Local Government and Labour",Department of Government Analyst
"Minister of Justice, Public Administration, Home Affairs, Provincial Councils, Local Government and Labour",Office of the Registrar of the Supreme Court
"Minister of Justice, Public Administration, Home Affairs, Provincial Councils, Local Government and Labour",Law Commission of Sri Lanka
"Minister of Justice, Public Administration, Home Affairs, Provincial Councils, Local Government and Labour",Superior Courts Complex Board of Management
"Minister of Justice, Public Administration, Home Affairs, Provincial Councils, Local Government and Labour",Legal Aid Commission of Sri Lanka
"Minister of Justice, Public Administration, Home Affairs, Provincial Councils, Local Government and Labour",Mediation Boards Commission
"Minister of Justice, Public Administration, Home Affairs, Provincial Councils, Local Government and Labour",Council of Legal Education
"Minister of Justice, Public Administration, Home Affairs, Provincial Councils, Local Government and Labour",Commercial Mediation Centre of Sri Lanka
"Minister of Justice, Public Administration, Home Affairs, Provincial Councils, Local Government and Labour",Sri Lanka International Arbitration Centre (Guarantee) Ltd.
"Minister of Justice, Public Administration, Home Affairs, Provincial Councils, Local Government and Labour",National Authority for the Protection of Victims of Crime and Witnesses
"Minister of Justice, Public Administration, Home Affairs, Provincial Councils, Local Government and Labour",Department of Prisons
"Minister of Justice, Public Administration, Home Affairs, Provincial Councils, Local Government and Labour",Community Based Correction Department
"Minister of Justice, Public Administration, Home Affairs, Provincial Councils, Local Government and Labour",Training Schools for Youthful Offenders
"Minister of Justice, Public Administration, Home Affairs, Provincial Councils, Local Government and Labour",Rehabilitation Commissioner General's Office
"Minister of Justice, Public Administration, Home Affairs, Provincial Councils, Local Government and Labour",Department of Pensions
"Minister of Justice, Public Administration, Home Affairs, Provincial Councils, Local Government and Labour",Sri Lanka Institute of Development Administration
"Minister of Justice, Public Administration, Home Affairs, Provincial Councils, Local Government and Labour",Distance Learning Centre Ltd.
"Minister of Justice, Public Administration, Home Affairs, Provincial Councils, Local Government and Labour",National Human Resources Development Council of Sri Lanka
"Minister of Justice, Public Administration, Home Affairs, Provincial Councils, Local Government and Labour",Public Service Pensioners' Trust Fund
"Minister of Justice, Public Administration, Home Affairs, Provincial Councils, Local Government and Labour",Local Government Service Pension Fund
"Minister of Justice, Public Administration, Home Affairs, Provincial Councils, Local Government and Labour",Local Government Widows' and Orphans' Pension Fund
"Minister of Justice, Public Administration, Home Affairs, Provincial Councils, Local Government and Labour",Local Government Widowers' and Orphans' Pension Fund
"Minister of Justice, Public Administration, Home Affairs, Provincial Councils, Local Government and Labour",All District Secretariats and Divisional Secretariats
"Minister of Justice, Public Administration, Home Affairs, Provincial Councils, Local Government and Labour",Department of Registrar General
"Minister of Justice, Public Administration, Home Affairs, Provincial Councils, Local Government and Labour",Sri Lanka Institute of Local Government
"Minister of Justice, Public Administration, Home Affairs, Provincial Councils, Local Government and Labour",Local Loans and Development Fund
"Minister of Justice, Public Administration, Home Affairs, Provincial Councils, Local Government and Labour",Department of Labour
"Minister of Justice, Public Administration, Home Affairs, Provincial Councils, Local Government and Labour",National Institute of Labour Studies
"Minister of Justice, Public Administration, Home Affairs, Provincial Councils, Local Government and Labour",National Institute for Occupational Safety and Health
"Minister of Justice, Public Administration, Home Affairs, Provincial Councils, Local Government and Labour",Office of the Commissioner of Workmen's Compensation
"Minister of Justice, Public Administration, Home Affairs, Provincial Councils, Local Government and Labour",National Productivity Secretariat
"Minister of Justice, Public Administration, Home Affairs, Provincial Councils, Local Government and Labour",Shrama Vasana Fund
"Minister of Justice, Public Administration, Home Affairs, Provincial Councils, Local Government and Labour",Department of Manpower and Employment
"Minister of Justice, Public Administration, Home Affairs, Provincial Councils, Local Government and Labour",Sri Lanka Foreign Employment Bureau
"Minister of Justice, Public Administration, Home Affairs, Provincial Councils, Local Government and Labour",Foreign Employment Agency of Sri Lanka (Pvt.) Ltd
"Minister of Education, Science and Technology",Department of Examinations
"Minister of Education, Science and Technology",Department of Educational Publications
"Minister of Education, Science and Technology",National Library and Documentation Services Board
"Minister of Education, Science and Technology",National Colleges of Education
"Minister of Education, Science and Technology",Teachers' College
"Minister of Education, Science and Technology",UNESCO National Commission of Sri Lanka
"Minister of Education, Science and Technology",Sri Lanka Publication Development Board
"Minister of Education, Science and Technology",State Printing Corporation
"Minister of Education, Science and Technology",Directorates of Education
"Minister of Education, Science and Technology",National Education Commission
"Minister of Education, Science and Technology",National Institute of Education
"Minister of Education, Science and Technology",Pirivena Education Board
"Minister of Education, Science and Technology",National Institute of Business Management and affiliated institutions
"Minister of Education, Science and Technology",University of Vocational Technology
"Minister of Education, Science and Technology",National Institute of Fisheries and Nautical Engineering (Ocean University)
"Minister of Education, Science and Technology",Vocational Training Authority of Sri Lanka
"Minister of Education, Science and Technology",National Apprenticeship and Industrial Training Authority
"Minister of Education, Science and Technology",Ceylon German Technical Training Institute
"Minister of Education, Science and Technology",Department of Technical Education and Training
"Minister of Education, Science and Technology",Tertiary and Vocational Education Commission
"Minister of Education, Science and Technology",University Grants Commission
"Minister of Education, Science and Technology","All State universities, Postgraduate Institutions and other Institutions under the purview of university Grants All State universities, Postgraduate Institutions and other Institutions under the purview of university Grants Commission"
"Minister of Education, Science and Technology",Buddhashravaka Bhikku University
"Minister of Education, Science and Technology",Buddhist and Pali University of Sri Lanka
"Minister of Education, Science and Technology",Sri Lanka Institute of Advanced Technological Education
"Minister of Education, Science and Technology",National Institute of Fundamental Studies
"Minister of Education, Science and Technology",Sri Lanka Inventors' Commission
"Minister of Education, Science and Technology",National Engineering Research And Development Centre
"Minister of Education, Science and Technology",National Research Council of Sri Lanka
"Minister of Education, Science and Technology",National Science Foundation
"Minister of Education, Science and Technology",Planetarium of Sri Lanka
"Minister of Education, Science and Technology",Arthur C. Clarke Institute for Modern Technologies
"Minister of Education, Science and Technology",National Innovation Agency
"Minister of Education, Science and Technology",Skills Development Fund Ltd.
"Minister of Education, Science and Technology",Sri Lanka Inventors Fund
"Minister of Education, Science and Technology",National Science and Technology Commission
"Minister of Education, Science and Technology",Sri Lanka Institute of Nanotechnology (Pvt) Ltd.
"Minister of Education, Science and Technology",Sri Lanka Institute of Biotechnology (Pvt) Ltd.
"Minister of Education, Science and Technology",Sri Lanka Telecom and its Subsidiaries and Allied Institutions
"Minister of Education, Science and Technology",Information and Communication Technology Agency and Allied Institutions
"Minister of Education, Science and Technology",Sri Lanka Computer Emergency Readiness Team
"Minister of Education, Science and Technology",Sri Lanka Standards Institute
"Minister of Education, Science and Technology",Centre of Excellence for Robotic applications
"Minister of Education, Science and Technology",Data Protection Authority of Sri Lanka
"Minister of Education, Science and Technology",Information Technology Parks
"Minister of Women, Child and Youth Affairs and Sports",National Committee on Women
"Minister of Women, Child and Youth Affairs and Sports",Sri Lanka Women's Bureau
"Minister of Women, Child and Youth Affairs and Sports",Department of Probation and Childcare Services
"Minister of Women, Child and Youth Affairs and Sports",National Child Protection Authority
"Minister of Women, Child and Youth Affairs and Sports",National Secretariat for Early Childhood Development
"Minister of Women, Child and Youth Affairs and Sports",National Youth Services Council
"Minister of Women, Child and Youth Affairs and Sports",National Youth Corps
"Minister of Women, Child and Youth Affairs and Sports",National Youth Services Cooperative Society Limited
"Minister of Women, Child and Youth Affairs and Sports",National Centre for Leadership Development
"Minister of Women, Child and Youth Affairs and Sports",Department of Sports Development
"Minister of Women, Child and Youth Affairs and Sports",National Sports Council
"Minister of Women, Child and Youth Affairs and Sports",National Institute of Sports Science
"Minister of Women, Child and Youth Affairs and Sports",Sugathadasa National Sports Complex Authority
"Minister of Women, Child and Youth Affairs and Sports",Institute of Sports Medicine
"Minister of Women, Child and Youth Affairs and Sports",Sri Lanka Anti-doping Agency
"Minister of Trade, Commerce, Food Security, Co-operative Development, Industry and Entrepreneurship Development",Department of Commerce
"Minister of Trade, Commerce, Food Security, Co-operative Development, Industry and Entrepreneurship Development",Lanka Sathosa Ltd.
"Minister of Trade, Commerce, Food Security, Co-operative Development, Industry and Entrepreneurship Development",Co-operative Wholesale Establishment
"Minister of Trade, Commerce, Food Security, Co-operative Development, Industry and Entrepreneurship Development",Mahapola Trust Fund
"Minister of Trade, Commerce, Food Security, Co-operative Development, Industry and Entrepreneurship Development",Sri Lanka Accreditation Board for Conformity Assessment
"Minister of Trade, Commerce, Food Security, Co-operative Development, Industry and Entrepreneurship Development","Department of Measurement Units, Standards and Services"
"Minister of Trade, Commerce, Food Security, Co-operative Development, Industry and Entrepreneurship Development",Regional Economic Centers
"Minister of Trade, Commerce, Food Security, Co-operative Development, Industry and Entrepreneurship Development",National Intellectual Property Office of Sri Lanka
"Minister of Trade, Commerce, Food Security, Co-operative Development, Industry and Entrepreneurship Development",Consumer Affairs Authority
"Minister of Trade, Commerce, Food Security, Co-operative Development, Industry and Entrepreneurship Development",Department of Co-operative Development (Registrar of Co-operative Societies)
"Minister of Trade, Commerce, Food Security, Co-operative Development, Industry and Entrepreneurship Development",Co-operative Employees Commission
"Minister of Trade, Commerce, Food Security, Co-operative Development, Industry and Entrepreneurship Development",National Institute of Co-operative Development
"Minister of Trade, Commerce, Food Security, Co-operative Development, Industry and Entrepreneurship Development",Ceylon Industrial Development Board
"Minister of Trade, Commerce, Food Security, Co-operative Development, Industry and Entrepreneurship Development",Lanka Leyland Ltd.
"Minister of Trade, Commerce, Food Security, Co-operative Development, Industry and Entrepreneurship Development",National Paper Corporation Ltd.
"Minister of Trade, Commerce, Food Security, Co-operative Development, Industry and Entrepreneurship Development",Lanka Cement Ltd.
"Minister of Trade, Commerce, Food Security, Co-operative Development, Industry and Entrepreneurship Development",Kahatagaha Graphite Lanka Ltd.
"Minister of Trade, Commerce, Food Security, Co-operative Development, Industry and Entrepreneurship Development",Ceylon Ceramics Corporation (Brick and Tiles Division)
"Minister of Trade, Commerce, Food Security, Co-operative Development, Industry and Entrepreneurship Development",National Enterprise Development Authority
"Minister of Trade, Commerce, Food Security, Co-operative Development, Industry and Entrepreneurship Development",Lanka Mineral Sands Company
"Minister of Trade, Commerce, Food Security, Co-operative Development, Industry and Entrepreneurship Development",Small and Medium Enterprises Venture Capital Company
"Minister of Trade, Commerce, Food Security, Co-operative Development, Industry and Entrepreneurship Development",Small and Medium Enterprises Authority
"Minister of Trade, Commerce, Food Security, Co-operative Development, Industry and Entrepreneurship Development",Timber-related Design Centre
"Minister of Trade, Commerce, Food Security, Co-operative Development, Industry and Entrepreneurship Development",National Crafts Council
"Minister of Trade, Commerce, Food Security, Co-operative Development, Industry and Entrepreneurship Development",Department of Textile Industries
"Minister of Trade, Commerce, Food Security, Co-operative Development, Industry and Entrepreneurship Development",Sri Lanka Institute of Textile and Apparels
"Minister of Trade, Commerce, Food Security, Co-operative Development, Industry and Entrepreneurship Development",Lanka Textile Mills Emporium Ltd.
"Minister of Trade, Commerce, Food Security, Co-operative Development, Industry and Entrepreneurship Development",Lanka Salusala Ltd
"Minister of Trade, Commerce, Food Security, Co-operative Development, Industry and Entrepreneurship Development",Sri Lanka Handicraft Board (Laksala)
"Minister of Trade, Commerce, Food Security, Co-operative Development, Industry and Entrepreneurship Development",National Design Centre
"Minister of Trade, Commerce, Food Security, Co-operative Development, Industry and Entrepreneurship Development",National Gem and Jewellery Authority
"Minister of Trade, Commerce, Food Security, Co-operative Development, Industry and Entrepreneurship Development",Gem and Jewellery Research and Training Institute
"Minister of Trade, Commerce, Food Security, Co-operative Development, Industry and Entrepreneurship Development",Industrial Technology Institute
"Minister of Trade, Commerce, Food Security, Co-operative Development, Industry and Entrepreneurship Development",Lanka Phosphate Limited
"Minister of Trade, Commerce, Food Security, Co-operative Development, Industry and Entrepreneurship Development",Vidatha Centres
"Minister of Trade, Commerce, Food Security, Co-operative Development, Industry and Entrepreneurship Development",National Salt Limited
"Minister of Trade, Commerce, Food Security, Co-operative Development, Industry and Entrepreneurship Development",Sri Lanka Cement Corporation
"Minister of Trade, Commerce, Food Security, Co-operative Development, Industry and Entrepreneurship Development",Paranthan Chemicals Ltd
"Minister of Trade, Commerce, Food Security, Co-operative Development, Industry and Entrepreneurship Development",BCC Lanka Limited
"Minister of Trade, Commerce, Food Security, Co-operative Development, Industry and Entrepreneurship Development",Lanka General Trading Company Ltd
"Minister of Trade, Commerce, Food Security, Co-operative Development, Industry and Entrepreneurship Development",Colombo Lotus Tower Management Company (Pvt) Limited
Minister of Health,National Health Council
Minister of Health,Medical Research Institute
Minister of Health,National Institute of Health Sciences
Minister of Health,Sri Lanka Medical Council
Minister of Health,Sri Lanka Medical College Council
Minister of Health,Private Health Services Regulatory Council
Minister of Health,Department of Health Services
Minister of Health,"All National, Teaching and Specific Government Hospitals"
Minister of Health,School of Medical Laboratory Technology
Minister of Health,"National Institute of Nephrology, Dialysis and Transplantation"
Minister of Health,Sri Jayawardenepura General Hospital
Minister of Health,Vijaya Kumaratunga Memorial Hospital
Minister of Health,Ashraf Memorial Hospital
Minister of Health,National Authority on Tobacco and Alcohol
Minister of Health,1990 Suwaseriya Foundation
Minister of Health,National Health Development Fund
Minister of Health,State Pharmaceutical Corporation
Minister of Health,State Pharmaceutical Manufacturing Corporation
Minister of Health,National Medicines Regulatory Authority
Minister of Health,Department of Ayurveda
Minister of Health,Sri Lanka Ayurvedic Drugs Corporation
Minister of Health,Ayurvedic Medical Council
Minister of Health,Ayurvedic College and Hospital Board
Minister of Health,Ayurveda Teaching and Research Hospitals
Minister of Health,"Homeopathy Hospital, Welisara"
Minister of Health,Homeopathy Medical Council
"Minister of Buddhasasana, Religious and Cultural Affairs, National Integration, Social Security, and Mass Media",Department of Buddhist Affairs
"Minister of Buddhasasana, Religious and Cultural Affairs, National Integration, Social Security, and Mass Media",Department of Hindu Religious and Cultural Affairs
"Minister of Buddhasasana, Religious and Cultural Affairs, National Integration, Social Security, and Mass Media",Department of Christian Religious Affairs
"Minister of Buddhasasana, Religious and Cultural Affairs, National Integration, Social Security, and Mass Media",Department of Muslim Religious and Cultural Affairs
"Minister of Buddhasasana, Religious and Cultural Affairs, National Integration, Social Security, and Mass Media",Department of National Museums
"Minister of Buddhasasana, Religious and Cultural Affairs, National Integration, Social Security, and Mass Media",Department of National Archives
"Minister of Buddhasasana, Religious and Cultural Affairs, National Integration, Social Security, and Mass Media",Department of Public Trustee
"Minister of Buddhasasana, Religious and Cultural Affairs, National Integration, Social Security, and Mass Media",Central Cultural Fund
"Minister of Buddhasasana, Religious and Cultural Affairs, National Integration, Social Security, and Mass Media",Buddha Sasana Fund
"Minister of Buddhasasana, Religious and Cultural Affairs, National Integration, Social Security, and Mass Media",Buddhist Renaissance Fund
"Minister of Buddhasasana, Religious and Cultural Affairs, National Integration, Social Security, and Mass Media",Department of Cultural Affairs
"Minister of Buddhasasana, Religious and Cultural Affairs, National Integration, Social Security, and Mass Media",Department of Archaeology
"Minister of Buddhasasana, Religious and Cultural Affairs, National Integration, Social Security, and Mass Media",Tower Hall Theatre Foundation
"Minister of Buddhasasana, Religious and Cultural Affairs, National Integration, Social Security, and Mass Media",National Arts Council
"Minister of Buddhasasana, Religious and Cultural Affairs, National Integration, Social Security, and Mass Media",Gramodaya Folk Arts Centre
"Minister of Buddhasasana, Religious and Cultural Affairs, National Integration, Social Security, and Mass Media",Galle Heritage Foundation
"Minister of Buddhasasana, Religious and Cultural Affairs, National Integration, Social Security, and Mass Media",National Performing Arts Theatre (Nelum Pokuna)
"Minister of Buddhasasana, Religious and Cultural Affairs, National Integration, Social Security, and Mass Media",Mahinda Rajapaksa National Tele Cinema Park
"Minister of Buddhasasana, Religious and Cultural Affairs, National Integration, Social Security, and Mass Media",Ape Gama
"Minister of Buddhasasana, Religious and Cultural Affairs, National Integration, Social Security, and Mass Media",Amaradeva Aesthetic and Research Center
"Minister of Buddhasasana, Religious and Cultural Affairs, National Integration, Social Security, and Mass Media",Department of Official Languages
"Minister of Buddhasasana, Religious and Cultural Affairs, National Integration, Social Security, and Mass Media",Official Languages Commission
"Minister of Buddhasasana, Religious and Cultural Affairs, National Integration, Social Security, and Mass Media",National Institute of Language Education and Training
"Minister of Buddhasasana, Religious and Cultural Affairs, National Integration, Social Security, and Mass Media",Office for National Unity and Reconciliation
"Minister of Buddhasasana, Religious and Cultural Affairs, National Integration, Social Security, and Mass Media",Office on Missing Persons
"Minister of Buddhasasana, Religious and Cultural Affairs, National Integration, Social Security, and Mass Media",Office for Reparations
"Minister of Buddhasasana, Religious and Cultural Affairs, National Integration, Social Security, and Mass Media",Department of Samurdhi Development
"Minister of Buddhasasana, Religious and Cultural Affairs, National Integration, Social Security, and Mass Media",Saubhagya Development Bureau
"Minister of Buddhasasana, Religious and Cultural Affairs, National Integration, Social Security, and Mass Media",National Institute of Social Development
"Minister of Buddhasasana, Religious and Cultural Affairs, National Integration, Social Security, and Mass Media",Rural Development Training and Research Institute
"Minister of Buddhasasana, Religious and Cultural Affairs, National Integration, Social Security, and Mass Media",Social Security Board
"Minister of Buddhasasana, Religious and Cultural Affairs, National Integration, Social Security, and Mass Media",National Council for Persons with Disabilities
"Minister of Buddhasasana, Religious and Cultural Affairs, National Integration, Social Security, and Mass Media",National Secretariat for Persons with Disabilities
"Minister of Buddhasasana, Religious and Cultural Affairs, National Integration, Social Security, and Mass Media",Department of Social Services
"Minister of Buddhasasana, Religious and Cultural Affairs, National Integration, Social Security, and Mass Media",National Council for Elders and National Secretariat for Elders
"Minister of Buddhasasana, Religious and Cultural Affairs, National Integration, Social Security, and Mass Media",Kidney Fund
"Minister of Buddhasasana, Religious and Cultural Affairs, National Integration, Social Security, and Mass Media",Right to Information Commission
"Minister of Buddhasasana, Religious and Cultural Affairs, National Integration, Social Security, and Mass Media",Department of Government Printing
"Minister of Buddhasasana, Religious and Cultural Affairs, National Integration, Social Security, and Mass Media",Department of Government Information
"Minister of Buddhasasana, Religious and Cultural Affairs, National Integration, Social Security, and Mass Media",Sri Lanka Press Council
"Minister of Buddhasasana, Religious and Cultural Affairs, National Integration, Social Security, and Mass Media",Sri Lanka Broadcasting Corporation
"Minister of Buddhasasana, Religious and Cultural Affairs, National Integration, Social Security, and Mass Media",Independent Television Network
"Minister of Buddhasasana, Religious and Cultural Affairs, National Integration, Social Security, and Mass Media",Sri Lanka Rupavahini Corporation
"Minister of Buddhasasana, Religious and Cultural Affairs, National Integration, Social Security, and Mass Media",Associated Newspapers of Ceylon Ltd.
"Minister of Buddhasasana, Religious and Cultural Affairs, National Integration, Social Security, and Mass Media",Lanka Puwath Ltd
"Minister of Buddhasasana, Religious and Cultural Affairs, National Integration, Social Security, and Mass Media",Selacine Media Solutions (PVT) LTD
"Minister of Buddhasasana, Religious and Cultural Affairs, National Integration, Social Security, and Mass Media",Sri Lanka Foundation
"Minister of Buddhasasana, Religious and Cultural Affairs, National Integration, Social Security, and Mass Media",Postal Department
"Minister of Buddhasasana, Religious and Cultural Affairs, National Integration, Social Security, and Mass Media",Sri Lanka Institute of Printing
"Minister of Buddhasasana, Religious and Cultural Affairs, National Integration, Social Security, and Mass Media",Public Performance Board
"Minister of Buddhasasana, Religious and Cultural Affairs, National Integration, Social Security, and Mass Media",National Film Corporation
"Minister of Buddhasasana, Religious and Cultural Affairs, National Integration, Social Security, and Mass Media",J.R. Jayewardene Centre
"Minister of Buddhasasana, Religious and Cultural Affairs, National Integration, Social Security, and Mass Media",S.W.R.D. Bandaranaike National Memorial Foundation
"Minister of Transport, Highways, Ports and Civil Aviation",Road Development Authority and its subsidiaries and affiliates
"Minister of Transport, Highways, Ports and Civil Aviation",Maga Neguma
"Minister of Transport, Highways, Ports and Civil Aviation",State Development and Construction Corporation
"Minister of Transport, Highways, Ports and Civil Aviation",National Transport Commission
"Minister of Transport, Highways, Ports and Civil Aviation",National Council for Road Safety
"Minister of Transport, Highways, Ports and Civil Aviation",Department of Sri Lanka Railways
"Minister of Transport, Highways, Ports and Civil Aviation",Lakdiva Engineering (Pvt) Ltd
"Minister of Transport, Highways, Ports and Civil Aviation",Sri Lanka Transport Board
"Minister of Transport, Highways, Ports and Civil Aviation",National Transport Medical Institute
"Minister of Transport, Highways, Ports and Civil Aviation",Department of Motor Traffic
"Minister of Transport, Highways, Ports and Civil Aviation",Sahasya Investment Ltd
"Minister of Transport, Highways, Ports and Civil Aviation",Sri Lanka Ports Authority and its Subsidiaries and Associates
"Minister of Transport, Highways, Ports and Civil Aviation",Ceylon Shipping Corporation Ltd
"Minister of Transport, Highways, Ports and Civil Aviation",Merchant Shipping Secretariat
"Minister of Transport, Highways, Ports and Civil Aviation",Civil Aviation Authority of Sri Lanka
"Minister of Transport, Highways, Ports and Civil Aviation",Airport and Aviation Services (Sri Lanka) Ltd
"Minister of Transport, Highways, Ports and Civil Aviation",Sri Lankan Air Lines Limited and its subsidiaries
Minister of Public Security,Sri Lanka Police
Minister of Public Security,National Police Academy
Minister of Public Security,Secretariat for Non-Governmental Organizations
Minister of Public Security,Department of Registration of Persons
Minister of Public Security,Department of Immigration and Emigration
Minister of Public Security,National Dangerous Drugs Control Board
Minister of Foreign Affairs,Diplomatic Missions in abroad
Minister of Foreign Affairs,National Oceanic Affairs Committee Secretariat
Minister of Foreign Affairs,Lakshman Kadirgamar Institute for International Relations and Strategic Studies
"Minister of Environment, Wildlife, Forest Resources, Water Supply, Plantation and Community Infrastructure",Central Environmental Authority
"Minister of Environment, Wildlife, Forest Resources, Water Supply, Plantation and Community Infrastructure",Geological Survey and Mines Bureau
"Minister of Environment, Wildlife, Forest Resources, Water Supply, Plantation and Community Infrastructure",GSMB Technical Services (Pvt) Ltd.
"Minister of Environment, Wildlife, Forest Resources, Water Supply, Plantation and Community Infrastructure",Sri Lanka Climate Fund (Pvt) Ltd
"Minister of Environment, Wildlife, Forest Resources, Water Supply, Plantation and Community Infrastructure",Marine Environment Protection Authority
"Minister of Environment, Wildlife, Forest Resources, Water Supply, Plantation and Community Infrastructure",Department of Coast Conservation and Coastal Resource Management
"Minister of Environment, Wildlife, Forest Resources, Water Supply, Plantation and Community Infrastructure",Department of Forest Conservation
"Minister of Environment, Wildlife, Forest Resources, Water Supply, Plantation and Community Infrastructure",Department of Wildlife Conservation
"Minister of Environment, Wildlife, Forest Resources, Water Supply, Plantation and Community Infrastructure",Department of National Zoological Gardens
"Minister of Environment, Wildlife, Forest Resources, Water Supply, Plantation and Community Infrastructure",State Timber Corporation
"Minister of Environment, Wildlife, Forest Resources, Water Supply, Plantation and Community Infrastructure",National Water Supply and Drainage Board
"Minister of Environment, Wildlife, Forest Resources, Water Supply, Plantation and Community Infrastructure",Water Resources Board
"Minister of Environment, Wildlife, Forest Resources, Water Supply, Plantation and Community Infrastructure",Department of National Community Water Supply
"Minister of Environment, Wildlife, Forest Resources, Water Supply, Plantation and Community Infrastructure",New Villages Development Authority for Plantation Region
"Minister of Environment, Wildlife, Forest Resources, Water Supply, Plantation and Community Infrastructure",Plantation Human Development Trust
"Minister of Environment, Wildlife, Forest Resources, Water Supply, Plantation and Community Infrastructure",Saumyamoorthi Thondaman Memorial Foundation
"Minister of Environment, Wildlife, Forest Resources, Water Supply, Plantation and Community Infrastructure",Estate Sector Self-Employment Revolving Fund
"Minister of Environment, Wildlife, Forest Resources, Water Supply, Plantation and Community Infrastructure",National Institute of Plantation Management
"Minister of Environment, Wildlife, Forest Resources, Water Supply, Plantation and Community Infrastructure",Sri Lanka Tea Board
"Minister of Environment, Wildlife, Forest Resources, Water Supply, Plantation and Community Infrastructure",Tea Small Holdings Development Authority
"Minister of Environment, Wildlife, Forest Resources, Water Supply, Plantation and Community Infrastructure",Tea Research Institute
"Minister of Environment, Wildlife, Forest Resources, Water Supply, Plantation and Community Infrastructure",Tea and Rubber Estates (Control of Fragmentation) Board
"Minister of Environment, Wildlife, Forest Resources, Water Supply, Plantation and Community Infrastructure",Department of Rubber Development
"Minister of Environment, Wildlife, Forest Resources, Water Supply, Plantation and Community Infrastructure",Rubber Research Institute
"Minister of Environment, Wildlife, Forest Resources, Water Supply, Plantation and Community Infrastructure",Sri Lanka Rubber Manufacturing and Export Corporation
"Minister of Environment, Wildlife, Forest Resources, Water Supply, Plantation and Community Infrastructure",Tea Shakthi Fund
"Minister of Environment, Wildlife, Forest Resources, Water Supply, Plantation and Community Infrastructure",Thurusaviya Fund
"Minister of Environment, Wildlife, Forest Resources, Water Supply, Plantation and Community Infrastructure",Department of Export Agriculture
"Minister of Environment, Wildlife, Forest Resources, Water Supply, Plantation and Community Infrastructure",Sri Lanka Cashew Corporation
"Minister of Environment, Wildlife, Forest Resources, Water Supply, Plantation and Community Infrastructure",Spices and Allied Products Marketing Board
"Minister of Environment, Wildlife, Forest Resources, Water Supply, Plantation and Community Infrastructure",Coconut Cultivation Board
"Minister of Environment, Wildlife, Forest Resources, Water Supply, Plantation and Community Infrastructure",Coconut Development Authority
"Minister of Environment, Wildlife, Forest Resources, Water Supply, Plantation and Community Infrastructure",Coconut Research Institute
"Minister of Environment, Wildlife, Forest Resources, Water Supply, Plantation and Community Infrastructure",Palmyrah Development Board
"Minister of Environment, Wildlife, Forest Resources, Water Supply, Plantation and Community Infrastructure",Kithul Development Board
"Minister of Environment, Wildlife, Forest Resources, Water Supply, Plantation and Community Infrastructure",Kapruka Fund
"Minister of Environment, Wildlife, Forest Resources, Water Supply, Plantation and Community Infrastructure",Department of Cinnamon Development
"Minister of Environment, Wildlife, Forest Resources, Water Supply, Plantation and Community Infrastructure",Janatha Estate Development Board
"Minister of Environment, Wildlife, Forest Resources, Water Supply, Plantation and Community Infrastructure",Kalubovitiyana Tea Factory Ltd
"Minister of Environment, Wildlife, Forest Resources, Water Supply, Plantation and Community Infrastructure",Sri Lanka State Plantation Corporation
"Minister of Environment, Wildlife, Forest Resources, Water Supply, Plantation and Community Infrastructure",Elkaduwa Plantation Company Ltd
"Minister of Environment, Wildlife, Forest Resources, Water Supply, Plantation and Community Infrastructure",Kurunegala Plantation Company Ltd
"Minister of Environment, Wildlife, Forest Resources, Water Supply, Plantation and Community Infrastructure",Chilaw Plantation Company Ltd
"Minister of Environment, Wildlife, Forest Resources, Water Supply, Plantation and Community Infrastructure",Hingurana Sugar Industry Ltd.
"Minister of Environment, Wildlife, Forest Resources, Water Supply, Plantation and Community Infrastructure",Ceylon Sugar (Pvt) Ltd.
"Minister of Environment, Wildlife, Forest Resources, Water Supply, Plantation and Community Infrastructure",Kantale Sugar Company Ltd
"Minister of Environment, Wildlife, Forest Resources, Water Supply, Plantation and Community Infrastructure",Sugar Cane Research Institute
"Minister of Environment, Wildlife, Forest Resources, Water Supply, Plantation and Community Infrastructure",Galoya Plantation (Pvt) Company
"Minister of Rural and Urban Development, Housing and Construction",Urban Development Authority
"Minister of Rural and Urban Development, Housing and Construction",Urban Settlement Development Authority
"Minister of Rural and Urban Development, Housing and Construction",Selendiva investments Limited
"Minister of Rural and Urban Development, Housing and Construction",Hotel Developers (Lanka) PLC (PQ 143)
"Minister of Rural and Urban Development, Housing and Construction",National Physical Planning Department
"Minister of Rural and Urban Development, Housing and Construction",Condominium Management Authority (Common Amenities Board)
"Minister of Rural and Urban Development, Housing and Construction",Sri Lanka Land Development Corporation and its subsidiaries and related institutions
"Minister of Rural and Urban Development, Housing and Construction",National Housing Development Authority
"Minister of Rural and Urban Development, Housing and Construction",Building Material Corporation Limited
"Minister of Rural and Urban Development, Housing and Construction",Department of Buildings
"Minister of Rural and Urban Development, Housing and Construction",Department of Government Factories
"Minister of Rural and Urban Development, Housing and Construction",Construction Industry Development Authority
"Minister of Rural and Urban Development, Housing and Construction",Ocean View Development (Pvt) Ltd.
"Minister of Rural and Urban Development, Housing and Construction",State Engineering Corporation
"Minister of Rural and Urban Development, Housing and Construction",National Equipment and Machinery Organization
